model,mean_adr_across_trials
random_forest,0.9838181513934526
logistic_regression,0.9720565595716198
gradient_boosting,0.9447953936959962
svc,0.8970328789907104
knn,0.8796412315930388
xgb,0.8258333333333333
